Hymn,81710,0.47551955514348854
SpiralFrog,-1,0.23347553075328373
Vibrato,28295,0.2824847489933896
Chaconne,34102,0.29140246474785064
Muses,786,0.2340594408094637
Saavn,-1,0.15177725462617958
Emotions,61039,0.17340428789291767
Polyphony,34272,0.22428220512859645
Legato,28737,0.10529812864391234
Harpsichord,19579,0.30137005592432786
Muse,786,0.22792560488742913
Etude,31175,0.199161677886874
SoundCloud,-1,0.3787226235258031
Dhrupad,93177,0.33744325961387384
Magnatune,-1,0.37503802033102895
Plato,62692,0.10388055899588354
YouTube,78105,0.30683495556446511
Grooveshark,-1,0.27202544375938353
Cymbal,37492,0.15014479379063927
Gamelan,83347,0.30552302158046735
Constantinople,-1,0.038486891414336893
Rdio,-1,0.21736240984265379
Greeks,39776,0.081237578691027226
Beatport,-1,0.34135907848977748
Conducting,71957,0.034096096487282644
Bassline,20290,0.32029718073942454
Thoth,37066,0.090511398740785745
Clown,-1,0.1982450111611129
Rigveda,38152,0.24821772837683809
Paleolithic,36063,0.049785234937641136
Riff,57327,0.28980326920291227
Lyre,37428,0.31201941441002418
Baroque,44362,0.19847312072770742
Wikinomics,-1,0.15378547948537055
EMusic,-1,0.32202006938305383
7digital,-1,0.20137827741406142
Lullaby,25242,0.51221388244687582
Lyrics,4249,0.48749377627189444
Hebrews,39749,0.10557912438339458
Descant,34337,0.25041544662180393
Wagner,35870,0.083547794164374106
Harmonic,87825,0.1761357330713233
Composer,1404,0.29687231583297746
Imeem,-1,0.26930953787843254
BuyMusic,-1,0.35520459621759187
Melody,138,0.2689613953863404
Flute,36094,0.25393492885879682
Metaphysics,60692,0.14496978746599967
IMesh,-1,0.22236922895994468
Playlist,5671,0.32027806819141608
Fiddler,25498,0.22435165776531618
Litany,39866,0.3089640788593776
Bandcamp,-1,0.41633942228584164
Harmony,149,0.17313111202523243
Performance,1528,0.027538003500690165
Puppetry,-1,0.10007764485983388
Feminism,70127,0.1797184798587097
Blackfoot,-1,0.095701007645845035
Sellaband,-1,0.30675988139905619
Counterpoint,34286,0.12105217882920495
Noise,1494,0.226832721270913
Theatre,8153,0.10864048885753511
Oboe,26781,0.25409088399334656
Songwriter,3663,0.45774118684962162
Fugue,30538,0.28592070208634074
Musician,3550,0.36968798331744934
Perceive,15326,0.12001768084120772
Whistling,20142,0.3219419400500016
MusicStation,-1,0.28271512199048626
Guvera,-1,0.19512125385805698
Mentoring,85224,0.067786703537736887
Sonata,30560,0.2294269458257488
Egyptians,37028,0.091288624006751112
Resonance,63126,0.18019833045023026
Backbeat,23602,0.31069041010109189
Funk,3399,0.23325851723896671
Operetta,51275,0.32133421998388323
Observation,63463,0.0015350955448049483
Acoustics,15239,0.10668112513735789
Indonesia,83013,0.068325214833437023
Passacaglia,34086,0.41483016738068884
Osiris,37107,0.062934788786406778
Aptitude,63789,0.074699755502394494
Behavior,63275,0.050133706569888907
Archaeology,36523,0.0071388691974206588
Overtone,27542,0.32244047792873531
Emotion,63094,0.23724444112039089
Aesthetics,60463,0.029836234496003509
MP3.com,-1,0.24310596501637452
Jazz,1803,0.18576062686768463
Electroencephalography,64462,0.063988932148101654
Brahms,49058,0.30534400815965895
Dance,19562,0.31955708803687399
Intelligence,63806,0.0473826086309906
HDtracks,-1,0.44668240684512395
MOOV,-1,0.055154534285525983
Scratching,76459,0.059189090010033904
Counting,81222,0.07505236344153754
Harp,19579,0.20073370230330789
Ethnomusicology,69762,0.26019555827076946
Dissertation,86910,0.16993780766072544
Instrumental,587,0.29872806553842751
Psychology,15272,0.069389615187628276
Humanities,82428,0.057032623832970072
Hindu,36700,0.078083760349786716
Rondo,30619,0.1486425210477321
PressPlay,-1,0.22991687578399483
Speech,65601,0.15210723261367043
Amun,-1,0.084006075830346916
Fermata,28598,0.20366672064726757
Anthropology,39589,0.048101446350010686
Waltz,23379,0.309097121290968
Iran,38577,0.072675285450256102
Bali,57544,0.08530985552567813
Missal,-1,0.13880907274287646
Tuba,21861,0.25041385874369559
Phonograph,52027,0.29751445269180377
Refrain,30058,0.080160721107167765
Icecast,-1,0.19540450030572304
Divertimento,46630,0.30334109878065263
Techno,51680,0.091991684174573152
Accompaniment,664,0.28298182636097535
Rockabilly,54803,0.32368803228386572
Breakbeat,-1,0.34479254417973348
Lute,36095,0.1344524813384457
Ska,69127,0.31616524636581878
Chantey,2018,0.3053580124438075
Cadenza,14252,0.19836248604921666
Ventriloquism,-1,0.23036966782989457
Language,14869,0.13736146451833817
Opera,2983,0.12571959082697667
Kazaa,-1,0.23221963686597141
Spotify,-1,0.26157227703422642
Experience,61297,0.056403322970755239
Choir,3435,0.31893659613841213
Musicologist,62260,0.26661378177496964
OCLC,-1,0.081826539538647353
Songza,-1,0.35072104491368283
Serenade,46617,0.36914812155540011
Hypnotism,63083,0.16627976152169283
Piccolo,20126,0.03311044579396593
Romanticism,5247,0.24028166158403394
Karaoke,3358,0.31096342238810892
Culture,25,0.14636066031980577
Schizophrenia,95192,0.13598540613598209
Physiological,65544,0.0080705182536222955
Blues,2418,0.21548232997059966
Nationalism,49318,0.15293705941949787
Intellect,48743,0.067913261261184799
Ethnicity,66465,0.13141785262888092
Album,2871,0.46515804402633126
Ballet,14440,0.14757923577915924
Electronica,69437,0.18997024939827889
Aria,30604,0.14042004354721857
Orchestra,2897,0.27593546470977337
Liturgy,42620,0.15625085286082827
Globalization,91977,0.045745133046287592
Symphony,980,0.17975396757252909
JSTOR,-1,0.059070169782572055
Memory,81332,0.2394801019343617
Invocation,39918,0.35218147533441152
Mathematics,89023,0.10940656821791242
Bebop,19044,0.2622973605563611
Femur,36307,0.27164025464489505
Smartphone,3064,0.03990115071712963
Musicology,64548,0.36500870776253236
Rapping,561,0.33630344789253369
Harappa,38071,0.06839001268587698
Shakuhachi,36249,0.28649868237723936
Prosumer,78664,0.10611909604660356
Tempo,28500,0.1610982880179134
Jamendo,-1,0.27300591378849343
Improvisation,2171,0.13597973020269763
Overture,32073,0.14934414056005041
Dixieland,54651,0.28792718215420721
Plainsong,42631,0.36314190859786233
Timbre,289,0.28482894556698546
Ostinato,34174,0.36207650291349397
Impromptu,31220,0.18084077171544888
Vedas,36667,0.26465748659607524
Remix,78796,0.42888968597735699
Raga,38351,0.34052099213171189
Cabaret,73565,0.23970411538970821
Socioeconomic,68650,0.0008930317985530662
WiMP,-1,0.2845231853799578
Latin,4439,0.14954809675879804
Egypt,37005,0.043040434853195635
Orchestration,8096,0.1980757146060669
Puretracks,-1,0.31344142488375859
Oratorio,48160,0.26748191758019219
Physics,60696,0.055004439213263867
ITunes,79866,0.31185037637908536
Syncopation,54381,0.30714527862427665
Deezer,-1,0.23258517258111444
Melancholia,94708,0.15521105314787659
Song,637,0.53888386642413955
Spectrum,27519,0.03518316091672935
Last.fm,-1,0.27005335488035326
Psychological,17714,-0.011701085014992627
Supplication,39933,0.32490121469786004
Filmmaking,6334,0.095085285646024018
Nimbit,-1,0.22245028099527164
Singing,550,0.43715493549050327
Plaisir,61386,0.12643787947790971
